{
  "id": "2183290",
  "name": "去哪儿网",
  "font_family": "iconfont",
  "css_prefix_text": "icon",
  "description": "",
  "glyphs": [
    {
      "icon_id": "12241130",
      "name": "禁止",
      "font_class": "jinzhi",
      "unicode": "e602",
      "unicode_decimal": 58882
    },
    {
      "icon_id": "14422273",
      "name": "下",
      "font_class": "xia",
      "unicode": "e6bd",
      "unicode_decimal": 59069
    },
    {
      "icon_id": "9941603",
      "name": "上箭头",
      "font_class": "up",
      "unicode": "e603",
      "unicode_decimal": 58883
    },
    {
      "icon_id": "3544821",
      "name": "下箭头",
      "font_class": "arrow",
      "unicode": "e73a",
      "unicode_decimal": 59194
    },
    {
      "icon_id": "1875122",
      "name": "骆驼",
      "font_class": "luotuo",
      "unicode": "e665",
      "unicode_decimal": 58981
    },
    {
      "icon_id": "432415",
      "name": "you",
      "font_class": "you1",
      "unicode": "e60a",
      "unicode_decimal": 58890
    },
    {
      "icon_id": "7853164",
      "name": "往返",
      "font_class": "wangfan",
      "unicode": "e681",
      "unicode_decimal": 59009
    },
    {
      "icon_id": "10200150",
      "name": "单程短",
      "font_class": "danchengduan",
      "unicode": "e696",
      "unicode_decimal": 59030
    },
    {
      "icon_id": "6804169",
      "name": "wifi查找",
      "font_class": "Favorit-Network",
      "unicode": "e86a",
      "unicode_decimal": 59498
    },
    {
      "icon_id": "13036802",
      "name": "竖",
      "font_class": "shu",
      "unicode": "e601",
      "unicode_decimal": 58881
    },
    {
      "icon_id": "17063053",
      "name": "手机",
      "font_class": "shouji",
      "unicode": "e609",
      "unicode_decimal": 58889
    },
    {
      "icon_id": "642690",
      "name": "飞机",
      "font_class": "icon",
      "unicode": "e663",
      "unicode_decimal": 58979
    },
    {
      "icon_id": "1500694",
      "name": "酒店",
      "font_class": "jiudian",
      "unicode": "e614",
      "unicode_decimal": 58900
    },
    {
      "icon_id": "1667809",
      "name": "度假方案",
      "font_class": "dujiafangan",
      "unicode": "e607",
      "unicode_decimal": 58887
    },
    {
      "icon_id": "1948756",
      "name": "书本-实心",
      "font_class": "shuben-shixin",
      "unicode": "e8cb",
      "unicode_decimal": 59595
    },
    {
      "icon_id": "3501594",
      "name": "右",
      "font_class": "you",
      "unicode": "e7b7",
      "unicode_decimal": 59319
    },
    {
      "icon_id": "4565938",
      "name": "创建",
      "font_class": "chuangjian",
      "unicode": "ea73",
      "unicode_decimal": 60019
    },
    {
      "icon_id": "5071312",
      "name": "签证",
      "font_class": "column_07",
      "unicode": "e608",
      "unicode_decimal": 58888
    },
    {
      "icon_id": "6019042",
      "name": "演出票优先权",
      "font_class": "yanchupiaoyouxianquan",
      "unicode": "e6d5",
      "unicode_decimal": 59093
    },
    {
      "icon_id": "6991138",
      "name": "发表文章",
      "font_class": "fabiaowenzhang",
      "unicode": "e624",
      "unicode_decimal": 58916
    },
    {
      "icon_id": "9237183",
      "name": "0009-退票-财务支撑系统",
      "font_class": "kaipiao-icon-",
      "unicode": "e693",
      "unicode_decimal": 59027
    },
    {
      "icon_id": "11177058",
      "name": "包 购物",
      "font_class": "baogouwu",
      "unicode": "e6a2",
      "unicode_decimal": 59042
    },
    {
      "icon_id": "16257073",
      "name": "地球",
      "font_class": "diqiu",
      "unicode": "ed86",
      "unicode_decimal": 60806
    },
    {
      "icon_id": "17595075",
      "name": "铁塔",
      "font_class": "tieta",
      "unicode": "e605",
      "unicode_decimal": 58885
    },
    {
      "icon_id": "17710232",
      "name": "线性蓝色金融攻略图标",
      "font_class": "xianxinglansejinronggonglvetubiao",
      "unicode": "e652",
      "unicode_decimal": 58962
    },
    {
      "icon_id": "17967783",
      "name": "搜索",
      "font_class": "sousuo",
      "unicode": "e670",
      "unicode_decimal": 58992
    },
    {
      "icon_id": "12084255",
      "name": "客服",
      "font_class": "kefu",
      "unicode": "e60b",
      "unicode_decimal": 58891
    },
    {
      "icon_id": "16575331",
      "name": "微信",
      "font_class": "weixin",
      "unicode": "e600",
      "unicode_decimal": 58880
    }
  ]
}
